{
	 "rootnode": {
		 "name": "RootNode"
		,"transformation": [
			 1
			,0
			,0
			,0
			,0
			,1
			,0
			,0
			,0
			,0
			,1
			,0
			,0
			,0
			,0
			,1
		]
		,"children": [
			{
				 "name": "Cylinder"
				,"transformation": [
					 40.0779
					,0
					,0
					,0
					,0
					,40.0779
					,0
					,0
					,0
					,0
					,40.0779
					,0
					,0
					,0
					,0
					,1
				]
				,"meshes": [
					 0
				]
			}
		]
	}
	,"flags": 8
	,"meshes": [
		{
			 "name": "Cylinder"
			,"materialindex": 0
			,"primitivetypes": 4
			,"vertices": [
				 0
				,2
				,-5.96046e-008
				,-0.966025
				,8.9407e-008
				,-1
				,-0.966025
				,8.9407e-008
				,1
				,0.966025
				,-5.96046e-008
				,-1
				,0.966025
				,-5.96046e-008
				,1
				,-0.966025
				,8.9407e-008
				,1
				,-0.966025
				,8.9407e-008
				,-1
				,-0.966025
				,8.9407e-008
				,1
				,0.966025
				,-5.96046e-008
				,1
				,0
				,2
				,-5.96046e-008
				,0.966025
				,-5.96046e-008
				,-1
				,0
				,2
				,-5.96046e-008
				,0.966025
				,-5.96046e-008
				,1
				,0
				,2
				,-5.96046e-008
				,0.966025
				,-5.96046e-008
				,-1
				,-0.966025
				,8.9407e-008
				,-1
				,-0.966026
				,4
				,-1
				,0.966025
				,4
				,-1
				,0
				,2
				,-5.96046e-008
				,-0.966026
				,4
				,-1
				,-0.966026
				,4
				,1
				,0.966025
				,4
				,1
				,0.966025
				,4
				,-1
				,0.966025
				,4
				,1
				,-0.966026
				,4
				,1
				,0
				,2
				,-5.96046e-008
				,-0.966026
				,4
				,-1
				,0
				,2
				,-5.96046e-008
				,-0.966026
				,4
				,1
				,0.966025
				,4
				,-1
				,0.966025
				,4
				,1
				,0
				,2
				,-5.96046e-008
			]
			,"normals": [
				 -0.900462
				,0.434935
				,0
				,-0.900462
				,0.434935
				,0
				,-0.900462
				,0.434935
				,0
				,-7.71261e-008
				,-1
				,0
				,-7.71261e-008
				,-1
				,0
				,-7.71261e-008
				,-1
				,0
				,-7.71261e-008
				,-1
				,0
				,2.75935e-008
				,0.447214
				,0.894427
				,2.75935e-008
				,0.447214
				,0.894427
				,2.75935e-008
				,0.447214
				,0.894427
				,0.900462
				,0.434935
				,0
				,0.900462
				,0.434935
				,0
				,0.900462
				,0.434935
				,0
				,4.13902e-008
				,0.447214
				,-0.894427
				,4.13902e-008
				,0.447214
				,-0.894427
				,4.13902e-008
				,0.447214
				,-0.894427
				,0
				,-0.447214
				,-0.894427
				,0
				,-0.447214
				,-0.894427
				,0
				,-0.447214
				,-0.894427
				,0
				,1
				,0
				,0
				,1
				,0
				,0
				,1
				,0
				,0
				,1
				,0
				,0
				,-0.447214
				,0.894427
				,0
				,-0.447214
				,0.894427
				,0
				,-0.447214
				,0.894427
				,-0.900462
				,-0.434935
				,0
				,-0.900462
				,-0.434935
				,0
				,-0.900462
				,-0.434935
				,0
				,0.900462
				,-0.434935
				,0
				,0.900462
				,-0.434935
				,0
				,0.900462
				,-0.434935
				,0
			]
			,"tangents": [
				 0.434935
				,0.900462
				,-1.34179e-007
				,0.434935
				,0.900462
				,-1.34179e-007
				,0.434935
				,0.900462
				,-1.34179e-007
				,-1
				,7.71261e-008
				,-6.17009e-008
				,-1
				,7.71261e-008
				,-1.85103e-007
				,-1
				,7.71261e-008
				,-6.17009e-008
				,-1
				,7.71261e-008
				,-6.17009e-008
				,1
				,4.81267e-007
				,-2.71484e-007
				,1
				,4.81267e-007
				,-2.71484e-007
				,1
				,4.81267e-007
				,-2.71484e-007
				,0.434935
				,-0.900462
				,-1.07343e-007
				,0.434935
				,-0.900462
				,-1.07343e-007
				,0.434935
				,-0.900462
				,-1.07343e-007
				,1
				,-6.7254e-007
				,-2.89994e-007
				,1
				,-6.7254e-007
				,-2.89994e-007
				,1
				,-6.7254e-007
				,-2.89994e-007
				,-1
				,0
				,0
				,-1
				,0
				,0
				,-1
				,0
				,0
				,-1
				,0
				,1.23402e-007
				,-1
				,0
				,0
				,-1
				,0
				,1.23402e-007
				,-1
				,0
				,1.23402e-007
				,-1
				,-2.46804e-007
				,-1.23402e-007
				,-1
				,-2.46804e-007
				,-1.23402e-007
				,-1
				,-2.46804e-007
				,-1.23402e-007
				,-0.434935
				,0.900462
				,0
				,-0.434935
				,0.900462
				,0
				,-0.434935
				,0.900462
				,0
				,-0.434935
				,-0.900462
				,-5.36717e-008
				,-0.434935
				,-0.900462
				,-5.36717e-008
				,-0.434935
				,-0.900462
				,-5.36717e-008
			]
			,"bitangents": [
				 2.08507e-007
				,4.3168e-007
				,1
				,2.08507e-007
				,4.3168e-007
				,1
				,2.08507e-007
				,4.3168e-007
				,1
				,-1.19209e-007
				,9.19415e-015
				,1
				,-1.15159e-007
				,8.88179e-015
				,1
				,-1.19209e-007
				,9.19415e-015
				,1
				,-1.19209e-007
				,9.19415e-015
				,1
				,1.3328e-007
				,-0.894427
				,0.447214
				,1.3328e-007
				,-0.894427
				,0.447214
				,1.3328e-007
				,-0.894427
				,0.447214
				,2.87898e-007
				,-5.96047e-007
				,1
				,2.87898e-007
				,-5.96047e-007
				,1
				,2.87898e-007
				,-5.96047e-007
				,1
				,1.19952e-007
				,0.894427
				,0.447214
				,1.19952e-007
				,0.894427
				,0.447214
				,1.19952e-007
				,0.894427
				,0.447214
				,-1.3328e-007
				,-0.894427
				,0.447214
				,-1.3328e-007
				,-0.894427
				,0.447214
				,-1.3328e-007
				,-0.894427
				,0.447214
				,0
				,0
				,-1
				,-1.15159e-007
				,0
				,-1
				,0
				,0
				,-1
				,0
				,0
				,-1
				,7.9968e-008
				,0.894427
				,0.447214
				,7.9968e-008
				,0.894427
				,0.447214
				,7.9968e-008
				,0.894427
				,0.447214
				,-5.75796e-008
				,1.19209e-007
				,1
				,-5.75796e-008
				,1.19209e-007
				,1
				,-5.75796e-008
				,1.19209e-007
				,1
				,-5.96047e-008
				,-1.23402e-007
				,1
				,-5.96047e-008
				,-1.23402e-007
				,1
				,-5.96047e-008
				,-1.23402e-007
				,1
			]
			,"numuvcomponents": [
				 2
			]
			,"texturecoords": [
				[
					 0.25
					,0.25
					,1.23402e-007
					,0.5
					,0
					,1.3411e-007
					,0.5
					,0.5
					,0.5
					,8.94069e-008
					,1
					,0
					,1
					,0.5
					,0
					,1.3411e-007
					,0.5
					,0
					,0.25
					,0.25
					,0.5
					,0.5
					,0.25
					,0.25
					,0.5
					,0
					,0.25
					,0.25
					,0.5
					,0.5
					,1.23402e-007
					,0.5
					,0.5
					,1
					,3.08504e-008
					,1
					,0.25
					,0.75
					,1
					,0.5
					,1
					,1
					,0.5
					,1
					,0.5
					,0.5
					,0
					,0.5
					,0.5
					,0.5
					,0.25
					,0.75
					,0.5
					,1
					,0.25
					,0.75
					,0.5
					,0.5
					,3.08504e-008
					,1
					,0
					,0.5
					,0.25
					,0.75
				]
			]
			,"faces": [
				[
					 0
					,1
					,2
				]
				,[
					 3
					,4
					,5
				]
				,[
					 3
					,5
					,6
				]
				,[
					 7
					,8
					,9
				]
				,[
					 10
					,11
					,12
				]
				,[
					 13
					,14
					,15
				]
				,[
					 16
					,17
					,18
				]
				,[
					 19
					,20
					,21
				]
				,[
					 19
					,21
					,22
				]
				,[
					 23
					,24
					,25
				]
				,[
					 26
					,27
					,28
				]
				,[
					 29
					,30
					,31
				]
			]
		}
	]
	,"materials": [
		{
			 "properties": [
				{
					 "key": "$clr.diffuse"
					,"semantic": 0
					,"index": 0
					,"type": 1
					,"value": [
						 0.8
						,0.8
						,0.8
					]
				}
				,{
					 "key": "?mat.name"
					,"semantic": 0
					,"index": 0
					,"type": 3
					,"value": "DefaultMaterial"
				}
			]
		}
	]
}
